<?xml version="1.0" encoding="UTF-8"?>
<!DOCTYPE suite SYSTEM "https://testng.org/testng-1.0.dtd">
<suite name="Suite">
  <test thread-count="5" name="IOSTest">
  
  <parameter name="platform_Coforge" value="IOS"></parameter>
  
    <classes>
      <class name="cloudDevice_iOS_Android.BaseTest_BrowserStackDevice"/>
      <class name="cloudDevice_iOS_Android.NOPCommTest"/>
    </classes>
  </test> <!-- Test -->
  
  
  
  <test thread-count="5" name="AndroidTest">
  
  <parameter name="platform_Coforge" value="android"></parameter>
  
    <classes>
      <class name="cloudDevice_iOS_Android.BaseTest_BrowserStackDevice"/>
      <class name="cloudDevice_iOS_Android.NOPCommTest"/>
    </classes>
  </test> <!-- Test -->
  
  
  
  
  <test thread-count="5" name="IpadTest">
  
  <parameter name="platform_Coforge" value="ipad"></parameter>
  
    <classes>
      <class name="cloudDevice_iOS_Android.BaseTest_BrowserStackDevice"/>
      <class name="cloudDevice_iOS_Android.NOPCommTest"/>
    </classes>
  </test> <!-- Test -->
  
  
  <test thread-count="5" name="DefaultTestDevice">
  
  <parameter name="platform_Coforge" value="shdflkjlsdj"></parameter>
  
    <classes>
      <class name="cloudDevice_iOS_Android.BaseTest_BrowserStackDevice"/>
      <class name="cloudDevice_iOS_Android.NOPCommTest"/>
    </classes>
  </test> <!-- Test -->
  
</suite> <!-- Suite -->
